<beans xmlns="http://www.springframework.org/schema/beans"
	xmlns:xsi="http://www.w3.org/2001/XMLSchema-instance" xmlns:context="http://www.springframework.org/schema/context"
	xmlns:jaxrs="http://cxf.apache.org/jaxrs" xmlns:cxf="http://cxf.apache.org/core"
	xsi:schemaLocation="http://www.springframework.org/schema/context
          http://www.springframework.org/schema/context/spring-context-3.0.xsd
          http://www.springframework.org/schema/beans
          http://www.springframework.org/schema/beans/spring-beans-3.0.xsd
          http://cxf.apache.org/core http://cxf.apache.org/schemas/core.xsd
          http://www.springframework.org/schema/beans http://www.springframework.org/schema/beans/spring-beans-3.0.xsd
		  http://cxf.apache.org/jaxrs http://cxf.apache.org/schemas/jaxrs.xsd">

	<!-- <import resource="classpath:META-INF/cxf/cxf.xml" /> <import resource="classpath:META-INF/cxf/cxf-extension-jaxrs-binding.xml" 
		/> <import resource="classpath:META-INF/cxf/cxf-servlet.xml" /> -->

	<bean id="jsonProvider" class="org.codehaus.jackson.jaxrs.JacksonJsonProvider" />

	<bean id="listeriaService" class="com.gainsight.hackathon.impl.DataExtractorImpl">
	</bean>

	<jaxrs:server address="/rest" id="listeriaRest">
		<jaxrs:serviceBeans>
			<ref bean="listeriaService" />
		</jaxrs:serviceBeans>
		<jaxrs:extensionMappings>
			<entry key="xml" value="application/xml" />
			<entry key="json" value="application/json" />
		</jaxrs:extensionMappings>
		<jaxrs:languageMappings>
			<entry key="en" value="en-gb" />
		</jaxrs:languageMappings>
		<jaxrs:providers>
			<ref bean="jsonProvider" />
		</jaxrs:providers>
	</jaxrs:server>

</beans>